<?xml version="1.0" encoding="UTF-8"?>
<configurationDescriptor version="90">
  <logicalFolder name="root" displayName="root" projectFiles="true" kind="ROOT">
    <df root="../../.." name="1">
      <df name="examples">
        <df name="acm">
          <df name="acm_terminal">
            <in>acm_terminal.ino</in>
            <in>pgmstrings.h</in>
          </df>
        </df>
        <df name="adk">
          <df name="adk_barcode">
            <in>adk_barcode.ino</in>
          </df>
          <df name="ArduinoBlinkLED">
            <in>ArduinoBlinkLED.ino</in>
          </df>
          <df name="demokit_20">
            <in>demokit_20.ino</in>
          </df>
          <df name="term_test">
            <in>term_test.ino</in>
          </df>
          <df name="term_time">
            <in>term_time.ino</in>
          </df>
        </df>
        <df name="Bluetooth">
          <df name="BTHID">
            <in>BTHID.ino</in>
            <in>KeyboardParser.h</in>
            <in>MouseParser.h</in>
          </df>
          <df name="PS3BT">
            <in>PS3BT.ino</in>
          </df>
          <df name="PS3Multi">
            <in>PS3Multi.ino</in>
          </df>
          <df name="PS3SPP">
            <in>PS3SPP.ino</in>
          </df>
          <df name="PS4BT">
            <in>PS4BT.ino</in>
          </df>
          <df name="SPP">
            <in>SPP.ino</in>
          </df>
          <df name="SPPMulti">
            <in>SPPMulti.ino</in>
          </df>
          <df name="Wii">
            <in>Wii.ino</in>
          </df>
          <df name="WiiIRCamera">
            <in>WiiIRCamera.ino</in>
          </df>
          <df name="WiiMulti">
            <in>WiiMulti.ino</in>
          </df>
          <df name="WiiUProController">
            <in>WiiUProController.ino</in>
          </df>
        </df>
        <df name="board_qc">
          <in>board_qc.ino</in>
        </df>
        <df name="ftdi">
          <df name="USBFTDILoopback">
            <in>USBFTDILoopback.ino</in>
            <in>pgmstrings.h</in>
          </df>
        </df>
        <df name="HID">
          <df name="le3dp">
            <in>le3dp.ino</in>
            <in>le3dp_rptparser.cpp</in>
            <in>le3dp_rptparser.h</in>
          </df>
          <df name="scale">
            <in>scale.ino</in>
            <in>scale_rptparser.cpp</in>
            <in>scale_rptparser.h</in>
          </df>
          <df name="USBHID_desc">
            <in>USBHID_desc.ino</in>
            <in>pgmstrings.h</in>
          </df>
          <df name="USBHIDBootKbd">
            <in>USBHIDBootKbd.ino</in>
          </df>
          <df name="USBHIDBootKbdAndMouse">
            <in>USBHIDBootKbdAndMouse.ino</in>
          </df>
          <df name="USBHIDBootMouse">
            <in>USBHIDBootMouse.ino</in>
          </df>
        </df>
        <df name="hub_demo">
          <in>hub_demo.ino</in>
          <in>pgmstrings.h</in>
        </df>
        <df name="max_LCD">
          <in>max_LCD.ino</in>
        </df>
        <df name="pl2303">
          <df name="pl2303_gprs_terminal">
            <in>pl2303_gprs_terminal.ino</in>
          </df>
          <df name="pl2303_gps">
            <in>pl2303_gps.ino</in>
          </df>
          <df name="pl2303_tinygps">
            <in>pl2303_tinygps.ino</in>
          </df>
          <df name="pl2303_xbee_terminal">
            <in>pl2303_xbee_terminal.ino</in>
          </df>
        </df>
        <df name="PS3USB">
          <in>PS3USB.ino</in>
        </df>
        <df name="PS4USB">
          <in>PS4USB.ino</in>
        </df>
        <df name="testusbhostFAT">
          <in>testusbhostFAT.ino</in>
        </df>
        <df name="USB_desc">
          <in>USB_desc.ino</in>
          <in>pgmstrings.h</in>
        </df>
        <df name="Xbox">
          <df name="XBOXOLD">
            <in>XBOXOLD.ino</in>
          </df>
          <df name="XBOXRECV">
            <in>XBOXRECV.ino</in>
          </df>
          <df name="XBOXUSB">
            <in>XBOXUSB.ino</in>
          </df>
        </df>
      </df>
      <in>BTD.cpp</in>
      <in>BTD.h</in>
      <in>BTHID.cpp</in>
      <in>BTHID.h</in>
      <in>PS3BT.cpp</in>
      <in>PS3BT.h</in>
      <in>PS3Enums.h</in>
      <in>PS3USB.cpp</in>
      <in>PS3USB.h</in>
      <in>PS4BT.h</in>
      <in>PS4Parser.cpp</in>
      <in>PS4Parser.h</in>
      <in>PS4USB.h</in>
      <in>SPP.cpp</in>
      <in>SPP.h</in>
      <in>Usb.cpp</in>
      <in>Usb.h</in>
      <in>UsbCore.h</in>
      <in>Wii.cpp</in>
      <in>Wii.h</in>
      <in>XBOXOLD.cpp</in>
      <in>XBOXOLD.h</in>
      <in>XBOXRECV.cpp</in>
      <in>XBOXRECV.h</in>
      <in>XBOXUSB.cpp</in>
      <in>XBOXUSB.h</in>
      <in>address.h</in>
      <in>adk.cpp</in>
      <in>adk.h</in>
      <in>avrpins.h</in>
      <in>cdcacm.cpp</in>
      <in>cdcacm.h</in>
      <in>cdcftdi.cpp</in>
      <in>cdcftdi.h</in>
      <in>cdcprolific.cpp</in>
      <in>cdcprolific.h</in>
      <in>confdescparser.h</in>
      <in>controllerEnums.h</in>
      <in>hexdump.h</in>
      <in>hid.cpp</in>
      <in>hid.h</in>
      <in>hidboot.cpp</in>
      <in>hidboot.h</in>
      <in>hidescriptorparser.cpp</in>
      <in>hidescriptorparser.h</in>
      <in>hiduniversal.cpp</in>
      <in>hiduniversal.h</in>
      <in>hidusagestr.h</in>
      <in>hidusagetitlearrays.cpp</in>
      <in>macros.h</in>
      <in>masstorage.cpp</in>
      <in>masstorage.h</in>
      <in>max3421e.h</in>
      <in>max_LCD.cpp</in>
      <in>max_LCD.h</in>
      <in>message.cpp</in>
      <in>message.h</in>
      <in>parsetools.cpp</in>
      <in>parsetools.h</in>
      <in>printhex.h</in>
      <in>settings.h</in>
      <in>sink_parser.h</in>
      <in>usb_ch9.h</in>
      <in>usbhost.h</in>
      <in>usbhub.cpp</in>
      <in>usbhub.h</in>
      <in>xboxEnums.h</in>
    </df>
    <logicalFolder name="ExternalFiles"
                   displayName="Important Files"
                   projectFiles="false"
                   kind="IMPORTANT_FILES_FOLDER">
      <itemPath>Makefile</itemPath>
    </logicalFolder>
  </logicalFolder>
  <sourceFolderFilter>^(nbproject)$</sourceFolderFilter>
  <sourceRootList>
    <Elem>../../..</Elem>
  </sourceRootList>
  <projectmakefile>Makefile</projectmakefile>
  <confs>
    <conf name="Default" type="0">
      <toolsSet>
        <compilerSet>default</compilerSet>
        <dependencyChecking>false</dependencyChecking>
        <rebuildPropChanged>false</rebuildPropChanged>
      </toolsSet>
      <codeAssistance>
      </codeAssistance>
      <makefileType>
        <makeTool>
          <buildCommandWorkingDir>.</buildCommandWorkingDir>
          <buildCommand>${MAKE} -f Makefile</buildCommand>
          <cleanCommand>${MAKE} -f Makefile clean</cleanCommand>
          <executablePath></executablePath>
        </makeTool>
      </makefileType>
      <item path="../../../BTD.cpp" ex="false" tool="1" flavor2="0">
      </item>
      <item path="../../../BTD.h" ex="false" tool="3" flavor2="0">
      </item>
      <item path="../../../BTHID.cpp" ex="false" tool="1" flavor2="0">
      </item>
      <item path="../../../BTHID.h" ex="false" tool="3" flavor2="0">
      </item>
      <item path="../../../PS3BT.cpp" ex="false" tool="1" flavor2="0">
      </item>
      <item path="../../../PS3BT.h" ex="false" tool="3" flavor2="0">
      </item>
      <item path="../../../PS3Enums.h" ex="false" tool="3" flavor2="0">
      </item>
      <item path="../../../PS3USB.cpp" ex="false" tool="1" flavor2="0">
      </item>
      <item path="../../../PS3USB.h" ex="false" tool="3" flavor2="0">
      </item>
      <item path="../../../PS4BT.h" ex="false" tool="3" flavor2="0">
      </item>
      <item path="../../../PS4Parser.cpp" ex="false" tool="1" flavor2="0">
      </item>
      <item path="../../../PS4Parser.h" ex="false" tool="3" flavor2="0">
      </item>
      <item path="../../../PS4USB.h" ex="false" tool="3" flavor2="0">
      </item>
      <item path="../../../SPP.cpp" ex="false" tool="1" flavor2="0">
      </item>
      <item path="../../../SPP.h" ex="false" tool="3" flavor2="0">
      </item>
      <item path="../../../Usb.cpp" ex="false" tool="1" flavor2="0">
      </item>
      <item path="../../../Usb.h" ex="false" tool="3" flavor2="0">
      </item>
      <item path="../../../UsbCore.h" ex="false" tool="3" flavor2="0">
      </item>
      <item path="../../../Wii.cpp" ex="false" tool="1" flavor2="0">
      </item>
      <item path="../../../Wii.h" ex="false" tool="3" flavor2="0">
      </item>
      <item path="../../../XBOXOLD.cpp" ex="false" tool="1" flavor2="0">
      </item>
      <item path="../../../XBOXOLD.h" ex="false" tool="3" flavor2="0">
      </item>
      <item path="../../../XBOXRECV.cpp" ex="false" tool="1" flavor2="0">
      </item>
      <item path="../../../XBOXRECV.h" ex="false" tool="3" flavor2="0">
      </item>
      <item path="../../../XBOXUSB.cpp" ex="false" tool="1" flavor2="0">
      </item>
      <item path="../../../XBOXUSB.h" ex="false" tool="3" flavor2="0">
      </item>
      <item path="../../../address.h" ex="false" tool="3" flavor2="0">
      </item>
      <item path="../../../adk.cpp" ex="false" tool="1" flavor2="0">
      </item>
      <item path="../../../adk.h" ex="false" tool="3" flavor2="0">
      </item>
      <item path="../../../avrpins.h" ex="false" tool="3" flavor2="0">
      </item>
      <item path="../../../cdcacm.cpp" ex="false" tool="1" flavor2="0">
      </item>
      <item path="../../../cdcacm.h" ex="false" tool="3" flavor2="0">
      </item>
      <item path="../../../cdcftdi.cpp" ex="false" tool="1" flavor2="0">
      </item>
      <item path="../../../cdcftdi.h" ex="false" tool="3" flavor2="0">
      </item>
      <item path="../../../cdcprolific.cpp" ex="false" tool="1" flavor2="0">
      </item>
      <item path="../../../cdcprolific.h" ex="false" tool="3" flavor2="0">
      </item>
      <item path="../../../confdescparser.h" ex="false" tool="3" flavor2="0">
      </item>
      <item path="../../../controllerEnums.h" ex="false" tool="3" flavor2="0">
      </item>
      <item path="../../../hexdump.h" ex="false" tool="3" flavor2="0">
      </item>
      <item path="../../../hid.cpp" ex="false" tool="1" flavor2="0">
      </item>
      <item path="../../../hid.h" ex="false" tool="3" flavor2="0">
      </item>
      <item path="../../../hidboot.cpp" ex="false" tool="1" flavor2="0">
      </item>
      <item path="../../../hidboot.h" ex="false" tool="3" flavor2="0">
      </item>
      <item path="../../../hidescriptorparser.cpp" ex="false" tool="1" flavor2="0">
      </item>
      <item path="../../../hidescriptorparser.h" ex="false" tool="3" flavor2="0">
      </item>
      <item path="../../../hiduniversal.cpp" ex="false" tool="1" flavor2="0">
      </item>
      <item path="../../../hiduniversal.h" ex="false" tool="3" flavor2="0">
      </item>
      <item path="../../../hidusagestr.h" ex="false" tool="3" flavor2="0">
      </item>
      <item path="../../../hidusagetitlearrays.cpp" ex="false" tool="1" flavor2="0">
      </item>
      <item path="../../../macros.h" ex="false" tool="3" flavor2="0">
      </item>
      <item path="../../../masstorage.cpp" ex="false" tool="1" flavor2="0">
      </item>
      <item path="../../../masstorage.h" ex="false" tool="3" flavor2="0">
      </item>
      <item path="../../../max3421e.h" ex="false" tool="3" flavor2="0">
      </item>
      <item path="../../../max_LCD.cpp" ex="false" tool="1" flavor2="0">
      </item>
      <item path="../../../max_LCD.h" ex="false" tool="3" flavor2="0">
      </item>
      <item path="../../../message.cpp" ex="false" tool="1" flavor2="0">
      </item>
      <item path="../../../message.h" ex="false" tool="3" flavor2="0">
      </item>
      <item path="../../../parsetools.cpp" ex="false" tool="1" flavor2="0">
      </item>
      <item path="../../../parsetools.h" ex="false" tool="3" flavor2="0">
      </item>
      <item path="../../../printhex.h" ex="false" tool="3" flavor2="0">
      </item>
      <item path="../../../settings.h" ex="false" tool="3" flavor2="0">
      </item>
      <item path="../../../sink_parser.h" ex="false" tool="3" flavor2="0">
      </item>
      <item path="../../../usb_ch9.h" ex="false" tool="3" flavor2="0">
      </item>
      <item path="../../../usbhost.h" ex="false" tool="3" flavor2="0">
      </item>
      <item path="../../../usbhub.cpp" ex="false" tool="1" flavor2="0">
      </item>
      <item path="../../../usbhub.h" ex="false" tool="3" flavor2="0">
      </item>
      <item path="../../../xboxEnums.h" ex="false" tool="3" flavor2="0">
      </item>
      <item path="../../Bluetooth/BTHID/BTHID.ino" ex="false" tool="1" flavor2="0">
      </item>
      <item path="../../Bluetooth/BTHID/KeyboardParser.h"
            ex="false"
            tool="3"
            flavor2="0">
      </item>
      <item path="../../Bluetooth/BTHID/MouseParser.h"
            ex="false"
            tool="3"
            flavor2="0">
      </item>
      <item path="../../Bluetooth/PS3BT/PS3BT.ino" ex="false" tool="1" flavor2="0">
      </item>
      <item path="../../Bluetooth/PS3Multi/PS3Multi.ino"
            ex="false"
            tool="1"
            flavor2="0">
      </item>
      <item path="../../Bluetooth/PS3SPP/PS3SPP.ino" ex="false" tool="1" flavor2="0">
      </item>
      <item path="../../Bluetooth/PS4BT/PS4BT.ino" ex="false" tool="1" flavor2="0">
      </item>
      <item path="../../Bluetooth/SPP/SPP.ino" ex="false" tool="1" flavor2="0">
      </item>
      <item path="../../Bluetooth/SPPMulti/SPPMulti.ino"
            ex="false"
            tool="1"
            flavor2="0">
      </item>
      <item path="../../Bluetooth/Wii/Wii.ino" ex="false" tool="1" flavor2="0">
      </item>
      <item path="../../Bluetooth/WiiIRCamera/WiiIRCamera.ino"
            ex="false"
            tool="1"
            flavor2="0">
      </item>
      <item path="../../Bluetooth/WiiMulti/WiiMulti.ino"
            ex="false"
            tool="1"
            flavor2="0">
      </item>
      <item path="../../Bluetooth/WiiUProController/WiiUProController.ino"
            ex="false"
            tool="1"
            flavor2="0">
      </item>
      <item path="../../PS3USB/PS3USB.ino" ex="false" tool="1" flavor2="0">
      </item>
      <item path="../../PS4USB/PS4USB.ino" ex="false" tool="1" flavor2="0">
      </item>
      <item path="../../USB_desc/USB_desc.ino" ex="false" tool="1" flavor2="0">
      </item>
      <item path="../../USB_desc/pgmstrings.h" ex="false" tool="3" flavor2="0">
      </item>
      <item path="../../Xbox/XBOXOLD/XBOXOLD.ino" ex="false" tool="1" flavor2="0">
      </item>
      <item path="../../Xbox/XBOXRECV/XBOXRECV.ino" ex="false" tool="1" flavor2="0">
      </item>
      <item path="../../Xbox/XBOXUSB/XBOXUSB.ino" ex="false" tool="1" flavor2="0">
      </item>
      <item path="../../acm/acm_terminal/acm_terminal.ino"
            ex="false"
            tool="1"
            flavor2="0">
      </item>
      <item path="../../acm/acm_terminal/pgmstrings.h"
            ex="false"
            tool="3"
            flavor2="0">
      </item>
      <item path="../../adk/ArduinoBlinkLED/ArduinoBlinkLED.ino"
            ex="false"
            tool="1"
            flavor2="0">
      </item>
      <item path="../../adk/adk_barcode/adk_barcode.ino"
            ex="false"
            tool="1"
            flavor2="0">
      </item>
      <item path="../../adk/demokit_20/demokit_20.ino"
            ex="false"
            tool="1"
            flavor2="0">
      </item>
      <item path="../../adk/term_test/term_test.ino" ex="false" tool="1" flavor2="0">
      </item>
      <item path="../../adk/term_time/term_time.ino" ex="false" tool="1" flavor2="0">
      </item>
      <item path="../../board_qc/board_qc.ino" ex="false" tool="1" flavor2="0">
      </item>
      <item path="../../ftdi/USBFTDILoopback/USBFTDILoopback.ino"
            ex="false"
            tool="1"
            flavor2="0">
      </item>
      <item path="../../ftdi/USBFTDILoopback/pgmstrings.h"
            ex="false"
            tool="3"
            flavor2="0">
      </item>
      <item path="../../hub_demo/hub_demo.ino" ex="false" tool="1" flavor2="0">
      </item>
      <item path="../../hub_demo/pgmstrings.h" ex="false" tool="3" flavor2="0">
      </item>
      <item path="../../max_LCD/max_LCD.ino" ex="false" tool="1" flavor2="0">
      </item>
      <item path="../../pl2303/pl2303_gprs_terminal/pl2303_gprs_terminal.ino"
            ex="false"
            tool="1"
            flavor2="0">
      </item>
      <item path="../../pl2303/pl2303_gps/pl2303_gps.ino"
            ex="false"
            tool="1"
            flavor2="0">
      </item>
      <item path="../../pl2303/pl2303_tinygps/pl2303_tinygps.ino"
            ex="false"
            tool="1"
            flavor2="0">
      </item>
      <item path="../../pl2303/pl2303_xbee_terminal/pl2303_xbee_terminal.ino"
            ex="false"
            tool="1"
            flavor2="0">
      </item>
      <item path="../../testusbhostFAT/testusbhostFAT.ino"
            ex="false"
            tool="1"
            flavor2="0">
      </item>
      <item path="../USBHIDBootKbd/USBHIDBootKbd.ino" ex="false" tool="1" flavor2="0">
      </item>
      <item path="../USBHIDBootKbdAndMouse/USBHIDBootKbdAndMouse.ino"
            ex="false"
            tool="1"
            flavor2="0">
      </item>
      <item path="../USBHIDBootMouse/USBHIDBootMouse.ino"
            ex="false"
            tool="1"
            flavor2="0">
      </item>
      <item path="../USBHID_desc/USBHID_desc.ino" ex="false" tool="1" flavor2="0">
      </item>
      <item path="../USBHID_desc/pgmstrings.h" ex="false" tool="3" flavor2="0">
      </item>
      <item path="../le3dp/le3dp.ino" ex="false" tool="1" flavor2="0">
      </item>
      <item path="../le3dp/le3dp_rptparser.cpp" ex="false" tool="1" flavor2="0">
      </item>
      <item path="../le3dp/le3dp_rptparser.h" ex="false" tool="3" flavor2="0">
      </item>
      <item path="../scale/scale.ino" ex="false" tool="1" flavor2="0">
      </item>
      <item path="../scale/scale_rptparser.cpp" ex="false" tool="1" flavor2="0">
      </item>
      <item path="../scale/scale_rptparser.h" ex="false" tool="3" flavor2="0">
      </item>
    </conf>
  </confs>
</configurationDescriptor>
