<?xml version="1.0" encoding="UTF-8"?>
<configurationDescriptor version="90">
  <logicalFolder name="root" displayName="root" projectFiles="true" kind="ROOT">
    <df root="../../.." name="1">
      <df name="examples">
        <df name="acm">
          <df name="acm_terminal">
            <in>acm_terminal.ino</in>
            <in>pgmstrings.h</in>
          </df>
        </df>
        <df name="adk">
          <df name="adk_barcode">
            <in>adk_barcode.ino</in>
          </df>
          <df name="ArduinoBlinkLED">
            <in>ArduinoBlinkLED.ino</in>
          </df>
          <df name="demokit_20">
            <in>demokit_20.ino</in>
          </df>
          <df name="term_test">
            <in>term_test.ino</in>
          </df>
          <df name="term_time">
            <in>term_time.ino</in>
          </df>
        </df>
        <df name="Bluetooth">
          <df name="BTHID">
            <in>BTHID.ino</in>
            <in>KeyboardParser.h</in>
            <in>MouseParser.h</in>
          </df>
          <df name="PS3BT">
            <in>PS3BT.ino</in>
          </df>
          <df name="PS3Multi">
            <in>PS3Multi.ino</in>
          </df>
          <df name="PS3SPP">
            <in>PS3SPP.ino</in>
          </df>
          <df name="PS4BT">
            <in>PS4BT.ino</in>
          </df>
          <df name="SPP">
            <in>SPP.ino</in>
          </df>
          <df name="SPPMulti">
            <in>SPPMulti.ino</in>
          </df>
          <df name="Wii">
            <in>Wii.ino</in>
          </df>
          <df name="WiiIRCamera">
            <in>WiiIRCamera.ino</in>
          </df>
          <df name="WiiMulti">
            <in>WiiMulti.ino</in>
          </df>
          <df name="WiiUProController">
            <in>WiiUProController.ino</in>
          </df>
        </df>
        <df name="board_qc">
          <in>board_qc.ino</in>
        </df>
        <df name="ftdi">
          <df name="USBFTDILoopback">
            <in>USBFTDILoopback.ino</in>
            <in>pgmstrings.h</in>
          </df>
        </df>
        <df name="HID">
          <df name="le3dp">
            <in>le3dp.ino</in>
            <in>le3dp_rptparser.cpp</in>
            <in>le3dp_rptparser.h</in>
          </df>
          <df name="scale">
            <in>scale.ino</in>
            <in>scale_rptparser.cpp</in>
            <in>scale_rptparser.h</in>
          </df>
          <df name="USBHID_desc">
            <in>USBHID_desc.ino</in>
            <in>pgmstrings.h</in>
          </df>
          <df name="USBHIDBootKbd">
            <in>USBHIDBootKbd.ino</in>
          </df>
          <df name="USBHIDBootKbdAndMouse">
            <in>USBHIDBootKbdAndMouse.ino</in>
          </df>
          <df name="USBHIDBootMouse">
            <in>USBHIDBootMouse.ino</in>
          </df>
          <df name="USBHIDJoystick">
          </df>
        </df>
        <df name="hub_demo">
          <in>hub_demo.ino</in>
          <in>pgmstrings.h</in>
        </df>
        <df name="max_LCD">
          <in>max_LCD.ino</in>
        </df>
        <df name="pl2303">
          <df name="pl2303_gprs_terminal">
            <in>pl2303_gprs_terminal.ino</in>
          </df>
          <df name="pl2303_gps">
            <in>pl2303_gps.ino</in>
          </df>
          <df name="pl2303_tinygps">
            <in>pl2303_tinygps.ino</in>
          </df>
          <df name="pl2303_xbee_terminal">
            <in>pl2303_xbee_terminal.ino</in>
          </df>
        </df>
        <df name="PS3USB">
          <in>PS3USB.ino</in>
        </df>
        <df name="PS4USB">
          <in>PS4USB.ino</in>
        </df>
        <df name="testusbhostFAT">
          <df name="Arduino_Makefile_master">
          </df>
          <df name="generic_storage">
          </df>
          <df name="RTClib">
          </df>
          <df name="xmem2">
          </df>
          <in>testusbhostFAT.ino</in>
        </df>
        <df name="USB_desc">
          <in>USB_desc.ino</in>
          <in>pgmstrings.h</in>
        </df>
        <df name="Xbox">
          <df name="XBOXOLD">
            <in>XBOXOLD.ino</in>
          </df>
          <df name="XBOXRECV">
            <in>XBOXRECV.ino</in>
          </df>
          <df name="XBOXUSB">
            <in>XBOXUSB.ino</in>
          </df>
        </df>
      </df>
      <in>BTD.cpp</in>
      <in>BTD.h</in>
      <in>BTHID.cpp</in>
      <in>BTHID.h</in>
      <in>PS3BT.cpp</in>
      <in>PS3BT.h</in>
      <in>PS3Enums.h</in>
      <in>PS3USB.cpp</in>
      <in>PS3USB.h</in>
      <in>PS4BT.h</in>
      <in>PS4Parser.cpp</in>
      <in>PS4Parser.h</in>
      <in>PS4USB.h</in>
      <in>SPP.cpp</in>
      <in>SPP.h</in>
      <in>Usb.cpp</in>
      <in>Usb.h</in>
      <in>UsbCore.h</in>
      <in>Wii.cpp</in>
      <in>Wii.h</in>
      <in>XBOXOLD.cpp</in>
      <in>XBOXOLD.h</in>
      <in>XBOXRECV.cpp</in>
      <in>XBOXRECV.h</in>
      <in>XBOXUSB.cpp</in>
      <in>XBOXUSB.h</in>
      <in>address.h</in>
      <in>adk.cpp</in>
      <in>adk.h</in>
      <in>avrpins.h</in>
      <in>cdcacm.cpp</in>
      <in>cdcacm.h</in>
      <in>cdcftdi.cpp</in>
      <in>cdcftdi.h</in>
      <in>cdcprolific.cpp</in>
      <in>cdcprolific.h</in>
      <in>confdescparser.h</in>
      <in>controllerEnums.h</in>
      <in>hexdump.h</in>
      <in>hid.cpp</in>
      <in>hid.h</in>
      <in>hidboot.cpp</in>
      <in>hidboot.h</in>
      <in>hidescriptorparser.cpp</in>
      <in>hidescriptorparser.h</in>
      <in>hiduniversal.cpp</in>
      <in>hiduniversal.h</in>
      <in>hidusagestr.h</in>
      <in>hidusagetitlearrays.cpp</in>
      <in>macros.h</in>
      <in>masstorage.cpp</in>
      <in>masstorage.h</in>
      <in>max3421e.h</in>
      <in>max_LCD.cpp</in>
      <in>max_LCD.h</in>
      <in>message.cpp</in>
      <in>message.h</in>
      <in>parsetools.cpp</in>
      <in>parsetools.h</in>
      <in>printhex.h</in>
      <in>settings.h</in>
      <in>sink_parser.h</in>
      <in>usb_ch9.h</in>
      <in>usbhost.h</in>
      <in>usbhub.cpp</in>
      <in>usbhub.h</in>
      <in>xboxEnums.h</in>
    </df>
  </logicalFolder>
  <projectmakefile>Makefile</projectmakefile>
  <confs>
    <conf name="Default" type="0">
      <toolsSet>
        <developmentServer>localhost</developmentServer>
        <platform>4</platform>
      </toolsSet>
      <compile>
        <compiledirpicklist>
          <compiledirpicklistitem>${AUTO_FOLDER}</compiledirpicklistitem>
          <compiledirpicklistitem>.</compiledirpicklistitem>
        </compiledirpicklist>
        <compiledir>${AUTO_FOLDER}</compiledir>
        <compilecommandpicklist>
          <compilecommandpicklistitem>${AUTO_COMPILE}</compilecommandpicklistitem>
          <compilecommandpicklistitem>${MAKE} ${ITEM_NAME}.o</compilecommandpicklistitem>
        </compilecommandpicklist>
        <compilecommand>${AUTO_COMPILE}</compilecommand>
      </compile>
      <dbx_gdbdebugger version="1">
        <gdb_pathmaps>
        </gdb_pathmaps>
        <gdb_interceptlist>
          <gdbinterceptoptions gdb_all="false" gdb_unhandled="true" gdb_unexpected="true"/>
        </gdb_interceptlist>
        <gdb_options>
          <DebugOptions>
          </DebugOptions>
        </gdb_options>
        <gdb_buildfirst gdb_buildfirst_overriden="false" gdb_buildfirst_old="false"/>
      </dbx_gdbdebugger>
      <nativedebugger version="1">
        <engine>gdb</engine>
      </nativedebugger>
      <runprofile version="9">
        <runcommandpicklist>
          <runcommandpicklistitem>"${OUTPUT_PATH}"</runcommandpicklistitem>
        </runcommandpicklist>
        <runcommand>"${OUTPUT_PATH}"</runcommand>
        <rundir></rundir>
        <buildfirst>false</buildfirst>
        <terminal-type>0</terminal-type>
        <remove-instrumentation>0</remove-instrumentation>
        <environment>
        </environment>
      </runprofile>
    </conf>
  </confs>
</configurationDescriptor>
